"Name","Species","Colony","Nesting","sum_move_sec","sum_pause_sec","mean_move_sec","mean_pause_sec","sum_steps_move","sum_steps_pause","sum_steps_move_norm","sum_steps_pause_norm","mean_speed_move","mean_speed_move_norm","Traveled.dis","Traveled.dis.bl","mean_speed","mean_speed_norm"
"cf3_2","Cop_formosanus","cf3","CP",3331.8,257.6,6.14723247232472,0.476155268022181,40035.8951619518,369.974092359447,7879.14753544586,72.8116717810548,12.0162960447661,2.36483208339212,40405.8692543112,7951.95920722692,12.1273393523955,2.38668563756135
"cf3_3","Cop_formosanus","cf3","CP",3480,115.2,12.4285714285714,0.412903225806452,52351.7412209479,179.303830566439,11030.6202882319,37.7796884129702,15.043603799123,3.16971847362985,52531.0450515144,11068.3999766449,15.0951278883662,3.18057470593243
"cf3_6","Cop_formosanus","cf3","CP",3469.6,124.6,11.0849840255591,0.399358974358974,48115.9762741813,213.659554373847,10583.7198678356,46.9971316324053,13.8678741855491,3.05041499534114,48329.6358285551,10630.716999468,13.9294546427701,3.06396039873992
"cf3_7","Cop_formosanus","cf3","CP",3331.4,261.8,7.05805084745763,0.55583864118896,41140.5582925844,382.890261037824,8296.48192350852,77.2143660957649,12.3493300992329,2.49038900267411,41523.4485536222,8373.69628960429,12.4642638391133,2.51356675559953
"cf3_8","Cop_formosanus","cf3","CP",2700,825.6,3.31695331695332,1.01425061425061,23607.6293333544,1028.0670703075,5066.53139092878,220.637744270827,8.74356641976091,1.8764931077514,24635.6964036619,5287.16913519961,9.12433200135628,1.95821079081467
"cfa_10","Cop_formosanus","cfa","CP",3427,165.2,8.338199513382,0.402926829268293,39387.2254638606,284.433139343773,8643.31715139455,62.4173397024565,11.4932084808464,2.5221234757498,39671.6586032044,8705.73449109701,11.5762061871037,2.54033688097374
"cfa_3","Cop_formosanus","cfa","CP",3422,162.4,8.14761904761905,0.387589498806683,34680.0775786732,281.185677000849,7736.57707770837,62.7280794954873,10.134446983832,2.26083491458456,34961.263255674,7799.30515720385,10.216616965422,2.27916573851661
"cfa_4","Cop_formosanus","cfa","CP",3281.6,288,5.20063391442155,0.456418383518225,31792.9673194619,480.023325093388,6471.72792927868,97.7128158091247,9.68825186477994,1.97212577074557,32272.9906445552,6569.4407450878,9.83452908476208,2.00190173850798
"cfa_5","Cop_formosanus","cfa","CP",3498.8,98.6,14.8885106382979,0.421367521367521,46863.6102645175,146.315942302453,9420.97547004741,29.4138436097392,13.3941952282261,2.69263046474432,47009.9262068199,9450.38931365715,13.4360141210758,2.70103730240573
"cfa_7","Cop_formosanus","cfa","CP",3002.8,542.6,3.63095525997582,0.656106408706167,23489.8853740939,895.669252910531,5180.75032754259,197.541993138187,7.82266064143262,1.72530648979039,24385.5546270044,5378.29232068077,8.12093866624631,1.79109242063433
"cfb_2","Cop_formosanus","cfb","CP",3415.8,182.6,7.23686440677966,0.387685774946921,34706.4136788321,325.274366734747,7059.45602912652,66.1624133975685,10.1605520460308,2.06670649017112,35031.6880455669,7125.61844252409,10.2557784547008,2.08607601221503
"cfb_3","Cop_formosanus","cfb","CP",3402.8,196.6,9.61242937853107,0.555367231638418,51179.1148697513,267.971358361902,9889.07990228662,51.7787417994479,15.0402947189818,2.90615960452763,51447.0862281132,9940.85864408607,15.1190449712334,2.92137611498944
"cfb_4","Cop_formosanus","cfb","CP",3491,108.4,12.5575539568345,0.391335740072202,45792.539133304,186.349023767564,9360.35984175026,38.091225156691,13.1173128425391,2.68128325458329,45978.8881570715,9398.45106690695,13.1706926832058,2.69219451930878
"cfb_5","Cop_formosanus","cfb","CP",3460.4,138.2,9.72022471910112,0.389295774647887,38477.7366977216,239.395601742313,7884.89871789771,49.0572012610109,11.1194476643514,2.27860903880988,38717.1322994639,7933.95591915872,11.1886291467645,2.29278578174741
"cfb_7","Cop_formosanus","cfb","CP",3470.8,112.2,11.5693333333333,0.375250836120401,41954.7450079972,183.575735402096,8641.23411777212,37.8102860033906,12.0879177734232,2.48969520507437,42138.3207433993,8679.04440377551,12.1408092495676,2.50058902955385
"cfc_3","Cop_formosanus","cfc","CP",3392.4,192.4,7.58926174496644,0.431390134529148,40713.4435805847,295.170326034383,8229.35402743533,59.6623841587503,12.0013688187079,2.42582066602857,41008.6139066191,8289.01641159408,12.0883781118439,2.44340773835458
"cfc_4","Cop_formosanus","cfc","CP",3146.8,440.8,5.3335593220339,0.748387096774194,31359.2529007576,583.178668295409,6282.69077244907,116.837325480423,9.96544200481683,1.99653323136172,31942.431569053,6399.52809792949,10.1507663559975,2.03366216408081
"cfc_5","Cop_formosanus","cfc","CP",3308.6,286.8,7.7303738317757,0.670093457943925,39121.4435015128,361.07881643595,8272.38965753844,76.3515964467281,11.8241683798322,2.50026889244346,39482.5223179487,8348.74125398516,11.9333017947013,2.52334560055164
"cfc_7","Cop_formosanus","cfc","CP",3347.2,228.2,6.09690346083789,0.416423357664234,33631.779230144,375.748162404211,6750.98612389451,75.4248121430366,10.0477351906501,2.01690551024573,34007.5273925482,6826.41093603755,10.1599926483473,2.03943921368234
"cfc_8","Cop_formosanus","cfc","CP",3501.2,87.6,13.4145593869732,0.336923076923077,49854.5510050636,147.894927393201,10307.204059668,30.5766106664299,14.2392753927407,2.94390610638294,50002.4459324568,10337.7806703344,14.2815166035807,2.95263928662584
"cfd_1","Cop_formosanus","cfd","CP",3383,202,6.31156716417911,0.377570093457944,40755.3415747526,350.983485053404,8655.49261761699,74.5407803345999,12.0471006724069,2.55852575158646,41106.325059806,8730.03339795159,12.1508498551008,2.58055968015122
"cfd_2","Cop_formosanus","cfd","CP",3447.4,139.8,8.5120987654321,0.346039603960396,46748.7880851187,254.716593112324,10859.8938258193,59.1714838005565,13.56059293529,3.15016935250313,47003.504678231,10919.0653096198,13.6344795144837,3.16733344248414
"cfd_3","Cop_formosanus","cfd","CP",3523.4,74.6,15.5902654867257,0.331555555555556,51756.8798329377,126.974111321361,10263.0633239408,25.1781666359827,14.689470350496,2.91282946129898,51883.853944259,10288.2414905768,14.7255077323775,2.91997544717511
"cfd_4","Cop_formosanus","cfd","CP",3386.6,206,9.32947658402204,0.569060773480663,49089.1124512671,247.605182217313,9855.60341399547,49.7116031911661,14.4951020053349,2.91017640524286,49336.7176334844,9905.31501718663,14.568215210974,2.92485531718734
"cfd_5","Cop_formosanus","cfd","CP",3521.2,78.4,15.1775862068966,0.339393939393939,55296.589351852,130.131510533903,11208.7362382572,26.3779338826737,15.7039047347075,3.18321488079553,55426.7208623859,11235.1141721399,15.7408613150022,3.19070605820172
"hs1_1","Hod_sjostedti","hs1","MP",3446.2,141.4,11.262091503268,0.463606557377049,68685.2161918546,346.111319793034,5471.4239146058,27.5710241188112,19.93071098365,1.58766871180019,69031.3275116476,5498.99493872461,20.0311437269014,1.59566912504341
"hs1_2","Hod_sjostedti","hs1","MP",2672.4,923.4,3.31563275434243,1.14565756823821,41737.9918833116,1955.45685575944,2938.38880376918,137.665763778986,15.618167895267,1.09953180802619,43693.4487390711,3076.05456754817,16.349891011477,1.15104571454429
"hs1_3","Hod_sjostedti","hs1","MP",3551.8,43.2,68.3038461538462,0.847058823529412,102083.365434618,101.803117007619,8012.87458424526,7.9908769209784,28.7413045313976,2.2560038809182,102185.168551626,8020.86546116624,28.7699669327174,2.25825369141456
"hs1_4","Hod_sjostedti","hs1","MP",3536,59.4,20.2057142857143,0.341379310344828,75975.1131221068,187.066239320353,6588.21605757778,16.2215329609352,21.4861745254827,1.86318327420186,76162.1793614272,6604.43759053871,21.5390778737068,1.86777081180393
"hs1_5","Hod_sjostedti","hs1","MP",3559.2,38.2,33.577358490566,0.363809523809524,80900.8601535806,103.09665995907,6624.35530308797,8.44180030761139,22.7300685978817,1.86119220698134,81003.9568135397,6632.79710339558,22.7590348430939,1.86356403219701
"hs2_1","Hod_sjostedti","hs2","MP",3573.4,17.2,68.7192307692308,0.337254901960784,74730.0932613221,42.262185725772,6037.17314465477,3.41420867502245,20.9128822021946,1.68947588981216,74772.3554470478,6040.5873533298,20.9247090857581,1.6904313408322
"hs2_2","Hod_sjostedti","hs2","MP",3525.6,46.2,64.1018181818182,0.855555555555556,57625.7315999913,92.994285231885,5095.78596204341,8.22339187855052,16.3449431586088,1.44536701895944,57718.7258852232,5104.00935392196,16.3713200264418,1.44769949907022
"hs2_3","Hod_sjostedti","hs2","MP",3467,128.2,29.8879310344828,1.11478260869565,74683.6917689515,270.989654646082,5315.17749747166,19.2861129425484,21.5413013466834,1.53307686687962,74954.6814235976,5334.4636104142,21.6194639237374,1.53863963380854
"hs2_4","Hod_sjostedti","hs2","MP",3463,95.2,15.7409090909091,0.434703196347032,59494.996302784,221.817222803485,4462.52013924881,16.6377659552266,17.1801895185631,1.28862839712642,59716.8135255875,4479.15790520404,17.2442430047899,1.29343283430668
"hs2_5","Hod_sjostedti","hs2","MP",3519.2,50.4,37.8408602150538,0.547826086956522,66924.1251833453,114.150069158901,5565.16764528285,9.4923059487075,19.0168575765359,1.58137293853229,67038.2752525042,5574.65995123155,19.0492939453581,1.58407022937928
"hs3_2","Hod_sjostedti","hs3","MP",3537.2,60.4,55.26875,0.958730158730159,78352.2359839797,115.375206272264,5740.57321641754,8.45310680221852,22.150920497563,1.6229145132923,78467.6111902519,5749.02632321976,22.183538163025,1.62530428678609
"hs3_3","Hod_sjostedti","hs3","MP",3561,37.8,91.3076923076923,0.994736842105263,83966.4365945062,82.0083068976139,6438.54692344887,6.28839752510624,23.5794542528801,1.80807271088146,84048.4449014038,6444.83532097398,23.6024838251625,1.80983861863914
"hs3_4","Hod_sjostedti","hs3","MP",3455.8,141.6,24.8618705035971,1.02608695652174,72300.8416143179,274.210325873691,4954.90264457095,18.7921113849268,20.9215931518947,1.4337932300975,72575.0519401916,4973.69475595588,21.0009410093731,1.43923107701715
"hs3_5","Hod_sjostedti","hs3","MP",1884.2,1695.6,2.79140740740741,2.51572700296736,28057.9035657593,2302.08656685602,2129.3950184045,174.711972186738,14.8911493290305,1.13013216134407,30359.9901326153,2304.10699059124,16.1129339415217,1.22285691040826
"hs3_7","Hod_sjostedti","hs3","MP",3551.4,7.4,507.342857142857,1.23333333333333,81770.1555478732,11.243085358753,6274.15192145462,0.862672024213034,23.0247664436203,1.76667002349908,81781.3986332319,6275.01459347884,23.027932261427,1.76691293390743
"hs4_2","Hod_sjostedti","hs4","MP",3580,9.4,123.448275862069,0.335714285714286,71906.4573264009,28.3537677370011,7234.83640569981,2.85280180236463,20.0856026051399,2.02090402393849,71934.8110941379,7237.68920750217,20.0935226519938,2.02170089595033
"hs4_3","Hod_sjostedti","hs4","MP",3447.4,133.4,12.3562724014337,0.479856115107914,60745.8835372006,356.98112662165,5456.31781929004,32.064765032895,17.6207819043919,1.58273418207636,61102.8646638223,5488.38258432293,17.7243327330226,1.59203532642656
"hs4_4","Hod_sjostedti","hs4","MP",2464.4,1101.6,2.96201923076923,1.32563176895307,28984.987333861,1911.04857842144,2538.59638164413,167.375646932207,11.7614783857576,1.03010728032955,30896.0359122825,2705.97202857634,12.5369403961542,1.09802468291525
"hs4_5","Hod_sjostedti","hs4","MP",3535.6,61.6,30.2188034188034,0.531034482758621,71967.3244119498,142.492960935606,6778.18554395284,13.4205868541138,20.3550527242759,1.91712454574976,72109.8173728854,6791.60613080695,20.3953550664344,1.92092038997821
"hs4_7","Hod_sjostedti","hs4","MP",3563.4,21,197.966666666667,1.23529411764706,74485.4047663472,33.2226255247828,7196.78116981489,3.20997068537906,20.9029030606576,2.01963887574083,74518.627391872,7199.99114050027,20.9122263545692,2.02053969256897
"hs5_2","Hod_sjostedti","hs5","MP",3156.2,442.6,9.36557863501484,1.3172619047619,73953.5036386134,579.310241245183,6210.44626289332,48.6491504226511,23.4311842210929,1.96769731414147,74532.8138798585,6259.09541331597,23.6147309675745,1.98311115053418
"hs5_3","Hod_sjostedti","hs5","MP",3279.8,292.6,6.57274549098196,0.586372745490982,74006.7313307831,677.361989300585,5472.03032503293,50.0838948001977,22.5644037230267,1.6684036602942,74684.0933200836,5522.11421983313,22.7709291176546,1.68367407153885
"hs5_4","Hod_sjostedti","hs5","MP",3473,126.6,15.7863636363636,0.578082191780822,91975.069613682,297.319698923121,6883.79682492217,22.2526431132958,26.4828878818549,1.98208949753014,92272.3893126051,6906.04946803547,26.5684967787518,1.98849682350575
"hs5_5","Hod_sjostedti","hs5","MP",3531.8,66,54.3353846153846,1.03125,101848.941264089,81.1141751740663,7130.29210621447,5.67868213225766,28.8376865236109,2.01888331904821,101930.055439263,7135.97078834673,28.8606533323696,2.02049119099233
"hs5_7","Hod_sjostedti","hs5","MP",3554.4,44.6,55.5375,0.707936507936508,99934.8697440469,114.299139339973,7069.85276894153,8.0860473308265,28.1158197569342,1.98904253008708,100049.168883387,7077.93881627235,28.1479768409259,1.99131747025443
"ns1_1","Neo_sugioi","ns1","OP",2033.8,1498,2.2276013143483,1.64254385964912,10686.8298549723,795.090411000926,1034.77684691028,76.9864552602884,5.25461198494063,0.508789874574825,11481.9202659732,1111.76330217057,5.64555033236955,0.546643377997132
"ns1_2","Neo_sugioi","ns1","OP",3203,376.4,6.31755424063116,0.742406311637081,21684.6798666724,269.074938613263,2199.0594045386,27.2870883001855,6.77011547507723,0.686562411657385,21953.7548052856,2226.34649283879,6.85412263667988,0.695081639974645
"ns1_3","Neo_sugioi","ns1","OP",3301.2,282.8,6.6289156626506,0.569014084507042,25386.1125494128,220.786381438859,2415.44592021434,21.0074529232211,7.68996502769077,0.7316872410682,25606.8989308516,2436.45337313756,7.75684567152903,0.738050821864039
"ns1_4","Neo_sugioi","ns1","OP",2245.4,1295.2,1.71798010711553,0.991730474732006,9728.6883468981,800.597473560831,1009.66517970072,83.0878082622996,4.33271949180462,0.449659383495466,10529.2858204589,1092.75298796302,4.68926953792595,0.486662950014705
"ns1_6","Neo_sugioi","ns1","OP",3466.6,129.2,11.0753993610224,0.414102564102564,42128.8549114475,107.888406042262,3833.40751066697,9.81702984582933,12.1527880088408,1.10581189369035,42236.7433174898,3843.2245405128,12.1839102629348,1.10864378368222
"ns2_1","Neo_sugioi","ns2","OP",311.4,3038,0.632926829268293,6.18737270875764,846.355128644362,1276.65346180941,80.4894282559782,121.411336381508,2.71790343174169,0.25847600596011,2123.00859045377,201.900764637486,6.81762553132233,0.648364690550693
"ns2_2","Neo_sugioi","ns2","OP",508.4,2788.6,2.88863636363636,15.8443181818182,2166.12825435746,904.836018847728,245.101426527196,102.38387249076,4.26067713288249,0.482103514018875,3070.96427320518,347.485299017957,6.04044900315733,0.683487999641929
"ns2_3","Neo_sugioi","ns2","OP",1871.8,1606.4,2.05241228070175,1.75947426067908,8292.1087234038,912.333972722309,995.98758064722,109.582898216144,4.43001855080874,0.532101496232087,9204.44269612611,1105.57047886336,4.91742851593445,0.590645623925293
"ns2_4","Neo_sugioi","ns2","OP",1963.6,1470,0.993724696356275,0.744303797468355,6651.28914128222,1102.84128759802,686.707619615873,113.862064831922,3.38729330886241,0.349718689965305,7754.13042888024,800.569684447795,3.94893584685284,0.407705074581277
"ns2_5","Neo_sugioi","ns2","OP",2393.2,1180.2,2.04897260273973,1.01131105398458,9062.40897343788,853.93430273182,903.379366923918,85.123793470098,3.7867328152423,0.377477589388233,9916.3432761697,988.503160394016,4.14354975604617,0.413046615574969
"ns3_1","Neo_sugioi","ns3","OP",2088.8,1452.8,3.04934306569343,2.12397660818713,10016.861509481,785.106670623407,1037.64558146582,81.3291136131447,4.79551010603265,0.496766364164026,10801.9681801044,1118.97469507896,5.17137503834949,0.535702171140828
"ns3_3","Neo_sugioi","ns3","OP",2488.8,1060,3.64392386530015,1.55197657393851,10422.7286576179,567.295747753196,1283.98045869421,69.8854089310902,4.18785304468738,0.515903430847881,10990.0244053711,1353.8658676253,4.41579251260492,0.543983392649187
"ns3_4","Neo_sugioi","ns3","OP",2154,1360.8,1.86171132238548,1.1761452031115,7962.30841801017,734.927556385825,986.876195275477,91.0894771431623,3.6965220139323,0.458159793535505,8697.23597439599,1077.96567241864,4.03771400854039,0.500448315886091
"ns3_5","Neo_sugioi","ns3","OP",3041.4,517.8,5.98700787401575,1.02130177514793,17387.1989414128,275.220946993258,2056.04210209509,32.544969221514,5.71684058046057,0.676018314623228,17662.419888406,2088.5870713166,5.80733211297627,0.686718968671204
"ns3_7","Neo_sugioi","ns3","OP",2308.8,1252,3.23361344537815,1.75596072931276,10255.5877897742,700.670372537822,1178.54351032526,80.5190826073377,4.44195590340186,0.510457168366797,10956.258162312,1259.0625929326,4.74543406198547,0.545332030895963
"ns4_1","Neo_sugioi","ns4","OP",3451,141.6,14.875,0.612987012987013,25743.8629002465,107.181439189491,3047.98947550945,12.6899331264072,7.45982697775905,0.883219204726006,25851.044339436,3060.67940863585,7.49088505923964,0.88689638036391
"ns4_3","Neo_sugioi","ns4","OP",3386.8,181.2,8.02559241706161,0.430403800475059,14886.8122070766,160.964639612562,1606.61182569148,17.3715964118079,4.39553921314414,0.474374579453016,15047.7768466891,1623.98342210328,4.44306627101959,0.479503785905068
"ns4_4","Neo_sugioi","ns4","OP",3053,521.6,4.07066666666667,0.696395193591455,16703.6639565598,423.872894887872,1803.34639862913,45.7617957629206,5.47122959599076,0.590680117467779,17127.5368514477,1849.10819439205,5.61006775350398,0.605669241530314
"ns4_5","Neo_sugioi","ns4","OP",3497.8,63,22.2789808917197,0.403846153846154,18538.2687439916,55.0119718217007,1925.74132636107,5.71460199680164,5.29997962833541,0.550557872480151,18593.2807158133,1931.45592835787,5.31570722048525,0.552191642849183
"ns4_7","Neo_sugioi","ns4","OP",2381.8,1198.4,2.98097622027534,1.49987484355444,9577.36861002709,619.687035988172,939.626866414252,60.7969277880238,4.02106331767029,0.394502840882632,10197.0556460153,1000.42379420228,4.28123925015335,0.420028463431974
"ns5_1","Neo_sugioi","ns5","OP",3402.4,180.8,7.7503416856492,0.412785388127854,23921.1408732931,169.272725962132,2442.38523213377,17.2830053667932,7.03066684496034,0.717841885767039,24090.4135992552,2459.66823750057,7.08041782249447,0.722921537003459
"ns5_2","Neo_sugioi","ns5","OP",2990.2,586,3.91387434554974,0.767015706806283,15898.8217799955,449.19588496169,1862.31671711105,52.6167924515148,5.31697604842336,0.622806741057805,16348.0176649572,1914.93350956256,5.46719873752833,0.640403153488918
"ns5_3","Neo_sugioi","ns5","OP",3117.8,465,7.38815165876777,1.10451306413302,19061.7962861594,308.815616055716,2016.84958245169,32.6744991367245,6.11386114765519,0.646882283164953,19370.6119022151,2049.52408158841,6.21291035416482,0.657362268775551
"ns5_5","Neo_sugioi","ns5","OP",3191.4,368.2,5.32787979966611,0.61571906354515,17122.929308298,306.215749776271,1987.75695298162,35.5478011250847,5.36533474597292,0.622847951676887,17429.1450580742,2023.3047541067,5.46128503417756,0.633986574577522
"ns5_7","Neo_sugioi","ns5","OP",3154.2,370.2,5.54340949033392,0.651760563380282,16233.8588273347,293.292818139002,1825.44720664427,32.9798701156112,5.14674365206223,0.578735402524973,16527.1516454737,1858.42707675988,5.23972850341566,0.589191261416486
"of10_2","Odo_formosanus","of10","CP",3557.2,42,37.0541666666667,0.442105263157895,66088.5964471829,102.432170163169,16779.419351345,26.0067913472748,18.5788250441873,4.71703006616018,66191.0286173461,16805.4261426923,18.6076207740206,4.72434109487582
"of10_3","Odo_formosanus","of10","CP",3425,165.8,8.02107728337237,0.389201877934272,44804.8823559842,364.612852136621,10532.6482384852,85.7125097277026,13.0817174761998,3.07522576306138,45169.4952081208,10618.3607482129,13.1881737833929,3.10025131334684
"of10_4","Odo_formosanus","of10","CP",3502,90.4,19.8977272727273,0.516571428571429,49841.2515512577,169.995655510517,10332.8780874209,35.2427824163867,14.2322248861387,2.95056484506593,50011.2472067682,10368.1208698373,14.2807673348853,2.96062846083303
"of10_5","Odo_formosanus","of10","CP",3520.2,78.8,13.4358778625954,0.301915708812261,60676.769003041,184.928127924238,13567.9316075633,41.3517765236484,17.2367391065965,3.85430703015832,60861.6971309652,13609.283384087,17.2892725217218,3.86605402650048
"of10_7","Odo_formosanus","of10","CP",2833.8,765.8,8.82803738317757,2.393125,36848.5185890206,828.63975484834,9460.64216825737,212.74842265568,13.0032177955468,3.33850030639331,37677.158343869,9673.39059091305,13.295630723364,3.41357561963196
"of6_3","Odo_formosanus","of6","CP",3364.4,235.2,8.43208020050125,0.590954773869347,63327.3347767353,416.873668377438,16710.6911758558,110.003794667207,18.8227721961524,4.96691569844721,63744.2084451127,16820.694970523,18.946679480773,4.99961210632594
"of6_4","Odo_formosanus","of6","CP",2923,616.2,3.78137128072445,0.798186528497409,32458.0123009291,1026.81492420729,7619.4200197509,241.041691572103,11.1043490595036,2.60671228865922,33484.8272251364,7860.46171132301,11.455637093786,2.68917609008656
"of6_5","Odo_formosanus","of6","CP",2302.2,1182.2,1.91212624584718,0.982709891936825,21681.1196661074,1829.76442883508,5509.88022238835,465.002868547804,9.41756566158777,2.39331084284091,23510.8840949424,5974.88309093615,10.212355179803,2.59529280294334
"of6_7","Odo_formosanus","of6","CP",2718.6,879.8,3.78108484005563,1.22534818941504,41699.8121624085,1140.31356543647,9385.24887836572,256.646878151783,15.3387082183508,3.45223603265126,42840.125727845,9641.8957565175,15.7581570395957,3.54664009288512
"of6_8","Odo_formosanus","of6","CP",2267.4,1270,2.88106734434562,1.61577608142494,28413.8804569644,1226.13916496486,6603.68650140264,284.967717267033,12.5314811929807,2.91244884069976,29640.0196219293,6888.65421866967,13.0722499876199,3.03812923113243
"of7_3","Odo_formosanus","of7","CP",3355.2,193.4,6.67037773359841,0.385258964143426,58013.2100171925,389.965880400914,12274.8254013368,82.5116054254063,17.2905370819005,3.65844820020769,58403.1758975934,12357.3370067622,17.4067643948478,3.68304035728488
"of7_4","Odo_formosanus","of7","CP",3347.4,251.6,7.32472647702407,0.551754385964912,58844.6200566745,588.342117053975,14202.0890363319,141.995769913665,17.5792017854677,4.24272242227756,59432.9621737285,14344.0848062456,17.7549627094845,4.28514214203429
"of7_5","Odo_formosanus","of7","CP",3491,108.6,17.455,0.543,54364.392955958,211.3114397669,12628.7558348183,49.0872873368049,15.5727278590542,3.61751814231403,54575.7043957249,12677.8431221551,15.6332582055929,3.631579238658
"of7_7","Odo_formosanus","of7","CP",3585.2,11.4,94.3473684210526,0.308108108108108,81421.4077546982,30.480160205541,17031.5625936124,6.3757772153485,22.7104227810717,4.75051952293104,81451.8879149038,17037.9383708277,22.7189244435188,4.75229788319416
"of7_8","Odo_formosanus","of7","CP",3581,17.6,63.9464285714286,0.32,71455.9380435234,40.1375694664626,16267.5496212249,9.13765770695416,19.9541854352202,4.54273935247832,71496.0756129899,16276.6872789318,19.9653939159424,4.5452910580653
"of8_3","Odo_formosanus","of8","CP",2569,1030.6,4.03296703296703,1.61789638932496,31750.2707254196,952.588441661958,9809.11204360413,294.298175801803,12.3589998931178,3.81826081884162,32702.8591670816,10103.4102194059,12.7298011549559,3.93281830261033
"of8_4","Odo_formosanus","of8","CP",3548.2,50.4,26.0897058823529,0.373333333333333,69904.0865497396,111.394018349651,18845.255385165,30.0304149269617,19.7012813679442,5.31121565446283,70015.4805680892,18875.285800092,19.7326758830081,5.31967921765739
"of8_5","Odo_formosanus","of8","CP",3236.8,329.6,5.59032815198618,0.570242214532872,34755.298865435,638.134610579554,8868.70124771258,162.836327173233,10.7375490810168,2.7399596044589,35393.4334760146,9031.53757488582,10.9346989236328,2.79026741685795
"of8_7","Odo_formosanus","of8","CP",3519.4,80.2,19.4441988950276,0.445555555555556,65367.0329754914,153.847642156583,17671.1064717676,41.5906603256523,18.5733457337874,5.02105656412104,65520.880617648,17712.6971320932,18.6170599015878,5.03287410697654
"of8_8","Odo_formosanus","of8","CP",3022.8,543.2,4.93115823817292,0.887581699346405,31659.8079631108,918.692379418985,8454.14324274725,245.319143460315,10.4736694333435,2.79679212741407,32578.5003425297,8699.46238620757,10.7775904269319,2.87794838765633
"of9_3","Odo_formosanus","of9","CP",3363.2,235.8,6.48015414258189,0.455212355212355,46117.1543062129,511.133132609392,12820.5891532006,142.095235370813,13.712284225206,3.81202103746451,46628.2874388222,12962.6843885714,13.8642624401826,3.85427104798152
"of9_4","Odo_formosanus","of9","CP",3488.8,110.8,12.5046594982079,0.398561151079137,54660.1129760726,250.72225594555,13307.2639973686,61.0395234884306,15.6673105297158,3.81428112742738,54910.8352320182,13368.3035208571,15.7391754276594,3.83177697800306
"of9_5","Odo_formosanus","of9","CP",3360.8,236.6,7.00166666666667,0.493945720250522,43222.0267915713,494.287575617355,12087.2633544705,138.230077181267,12.8606363935882,3.59654348800002,43716.3143671887,12225.4934316517,13.0077107733839,3.63767359903944
"of9_7","Odo_formosanus","of9","CP",3173,418.6,4.70771513353116,0.621991084695394,35663.194171955,1087.09544586993,9366.67358036727,285.517560291187,11.2395821531532,2.95199293424749,36750.289617825,9652.19114065846,11.5821902356839,3.04197640739315
"of9_8","Odo_formosanus","of9","CP",1163.2,2237.6,2.0587610619469,3.96035398230089,10096.3555978136,2114.18758016252,2581.09320714485,540.483657585239,8.67981052081637,2.21895908454681,12210.5431779761,3121.57686473009,10.497372058095,2.68361147242958
"zn444_2","Zoo_nevadensis","zn444","OP",893.6,2458.4,1.41392405063291,3.88372827804107,6467.60844200264,1948.00818679477,581.239125292173,175.066036342174,7.23769968890179,0.650446648715503,8415.61662879741,756.305161634348,9.41765513518063,0.846357611497703
"zn444_4","Zoo_nevadensis","zn444","OP",3078.6,519,4.47470930232558,0.754360465116279,47992.6571112239,634.590551884418,4431.06516531404,58.5904648324805,15.5891174921146,1.43931175382123,48627.2476631083,4489.65563014652,15.7952470808511,1.45834328270854
"zn444_5","Zoo_nevadensis","zn444","OP",3367,200.8,6.74749498997996,0.403212851405623,30887.9759701774,298.884882201613,2798.28813444082,27.0773980216779,9.17373803688074,0.831092407021331,31186.860852379,2825.3655324625,9.26250693566351,0.839134402275764
"zn444_7","Zoo_nevadensis","zn444","OP",2370.4,1221.6,3.76852146263911,1.94522292993631,32684.9084888248,1262.98781184943,2991.09919670817,115.580003253388,13.7887734090554,1.26185420043376,33947.8963006743,3106.67919996156,14.3215897319753,1.31061390480997
"zn444_9","Zoo_nevadensis","zn444","OP",2369.8,1196,2.94751243781095,1.48756218905473,19123.9571275577,1266.66406517712,1816.29935641816,120.301520811505,8.06986122354533,0.766435714582732,20390.6211927349,1936.60087722966,8.60436374071012,0.817200133863475
"zn445_2","Zoo_nevadensis","zn445","OP",3248.8,345.6,4.56933895921238,0.486760563380282,48142.2603342411,493.783290408535,3995.62820954415,40.9821730608397,14.818474616548,1.22987817333912,48636.0436246497,4036.61038260499,14.9704640558513,1.24249273042508
"zn445_4","Zoo_nevadensis","zn445","OP",3102.6,452.6,4.26767537826685,0.623415977961433,27933.1301712073,585.380589407893,2508.98506513156,52.5795407546635,9.00313613459913,0.808671780162302,28518.5107606151,2561.56460588622,9.19181033991334,0.825618708788184
"zn445_5","Zoo_nevadensis","zn445","OP",3516.2,82,15.3545851528384,0.359649122807018,59168.1154753439,116.6508619277,5274.79629906904,10.39934312317,16.82728953852,1.50014114642769,59284.7663372716,5285.19564219221,16.8604648021363,1.50309869808094
"zn445_7","Zoo_nevadensis","zn445","OP",3498,100.8,13.3003802281369,0.384732824427481,67466.7917604052,152.036235989282,5547.69352526217,12.5017126203113,19.2872475015452,1.58596155667872,67618.8279963945,5560.19523788248,19.3307112625485,1.58953551683318
"zn445_8","Zoo_nevadensis","zn445","OP",3075.4,522.8,3.29271948608137,0.560342979635584,41940.4865532943,715.962345737858,3679.59156879971,62.8139830377852,13.6374086471009,1.19645950731603,42656.4488990321,3742.40555183749,13.8702116469507,1.21688416200738
"zn447_4","Zoo_nevadensis","zn447","OP",3358.6,210.8,6.53424124513619,0.41011673151751,36461.776556646,313.816114586625,2992.93900773144,25.7593726718681,10.8562426477241,0.891126959962913,36775.5926712327,3018.69838040331,10.9496792327853,0.89879663562297
"zn447_5","Zoo_nevadensis","zn447","OP",2932.2,617.2,2.26599690880989,0.477339520494973,22608.1501557039,874.271643424352,1707.51477928129,66.0306899048522,7.71030289738215,0.582332303144837,23482.4217991283,1773.54546918614,8.00846524763941,0.604851466198125
"zn447_7","Zoo_nevadensis","zn447","OP",3023.6,570.4,5.31388400702988,1.002460456942,46307.0785695361,621.50746150189,4081.29083430287,54.7767810977223,15.3152131795,1.3498117589307,46928.586031038,4136.06761540059,15.5207653231373,1.36792817019467
"zn447_8","Zoo_nevadensis","zn447","OP",2941,634.8,2.49237288135593,0.537966101694915,34443.3450573115,870.178475656946,2674.56665987557,67.5703923431612,11.7114400058862,0.909407228791422,35313.5235329684,2742.13705221873,12.0073184403157,0.932382540706812
"zn447_9","Zoo_nevadensis","zn447","OP",2894.8,648.6,2.38844884488449,0.535590421139554,29676.9912608613,896.797061415533,2473.29884614118,74.7396229531881,10.2518278502354,0.854393687350137,30573.7883222769,2548.03846909436,10.5616237122692,0.88021226651042
"zn448_2","Zoo_nevadensis","zn448","OP",2530.2,982.8,1.9124716553288,0.743419062027232,21829.9121881881,1357.70613557901,2128.06509676624,132.354496613798,8.62774175487632,0.841065961886902,23187.6183237671,2260.41959338004,9.16434207721408,0.893375856999461
"zn448_3","Zoo_nevadensis","zn448","OP",3426,170,9.87319884726225,0.491329479768786,46209.5133122605,239.32114032539,4184.65205126555,21.6725005088538,13.4878906340515,1.22143959464844,46448.8344525859,4206.3245517744,13.5577450241056,1.22776548504799
"zn448_4","Zoo_nevadensis","zn448","OP",2874.2,679.2,3.16890848952591,0.749668874172186,27459.8058605968,863.849593240426,2359.05922416242,74.2129191141518,9.55389529629002,0.82077072721537,28323.6554538372,2433.27214327657,9.8544483521805,0.846591101272204
"zn448_5","Zoo_nevadensis","zn448","OP",3083.2,507.8,7.08781609195402,1.17004608294931,35040.8602636222,300.351130097418,3388.92214782615,29.0479910953686,11.3650947923009,1.099157416913,35341.2113937196,3417.97013892152,11.4625101821872,1.1085787944089
"zn448_7","Zoo_nevadensis","zn448","OP",3161.2,417,4.10545454545455,0.542262678803641,28588.6660642581,559.390527361489,2711.28226183999,53.0512900065902,9.04361193985137,0.857675016398833,29148.0565916196,2764.33355184658,9.22056706048957,0.874457026397122
"zna_2","Zoo_nevadensis","zna","OP",3275,304.8,4.40780619111709,0.41078167115903,33731.9262529966,419.062527278681,2986.50521879497,37.1023111853273,10.2998248100753,0.911909990471747,34150.9887802753,3023.6075299803,10.4277828336719,0.923238940452
"zna_3","Zoo_nevadensis","zna","OP",3479.4,99.8,13.2801526717557,0.382375478927203,40655.8332046322,142.450441350154,3427.39148838725,12.0089392275669,11.6847252987964,0.985052448234538,40798.2836459824,3439.40042761482,11.7256663924764,0.988503887915968
"zna_4","Zoo_nevadensis","zna","OP",2486.4,1073.8,2.5712512926577,1.11159420289855,20821.0837413842,1211.7236657517,1936.39133018742,112.692078380188,8.37398799122596,0.778793166902921,22032.8074071359,2049.08340856761,8.86132859038607,0.824116557499843
"zna_5","Zoo_nevadensis","zna","OP",2904,659.2,2.61151079136691,0.593339333933393,30107.3926639769,827.615583112335,2557.79869360368,70.3107732016793,10.3675594572923,0.880784674105952,30935.0082470892,2628.10946680536,10.6525510492731,0.904996372866861
"zna_7","Zoo_nevadensis","zna","OP",3063.2,493.4,3.38101545253863,0.544591611479029,26153.3189447544,609.976845394493,2274.65038873859,53.0519308631156,8.53790772550092,0.742573253048639,26763.2957901489,2327.70231960171,8.73703832271772,0.759892373857961
